股票代號,日期,成交股數,成交金額,開盤價,最高價,最低價,收盤價,漲跌價差,成交筆數
2330,114/09/01,"23,022,319","26,647,241,918","1,150.00","1,165.00","1,145.00","1,165.00",+5.00,"41,416"
2330,114/09/02,"14,994,018","17,436,038,175","1,170.00","1,175.00","1,155.00","1,160.00",-5.00,"24,784"
2330,114/09/03,"20,211,322","23,350,634,915","1,155.00","1,160.00","1,145.00","1,160.00", 0.00,"29,992"
2330,114/09/04,"25,311,450","29,560,102,956","1,170.00","1,175.00","1,160.00","1,160.00", 0.00,"22,577"
2330,114/09/05,"27,931,124","32,835,192,457","1,175.00","1,180.00","1,170.00","1,180.00",+20.00,"24,609"
2330,114/09/08,"28,393,035","33,731,539,720","1,195.00","1,195.00","1,180.00","1,180.00", 0.00,"35,672"
2330,114/09/09,"35,720,097","42,775,822,699","1,195.00","1,200.00","1,190.00","1,200.00",+20.00,"46,420"
2330,114/09/10,"43,516,678","53,209,559,355","1,220.00","1,230.00","1,215.00","1,225.00",+25.00,"82,407"
2330,114/09/11,"34,811,140","43,495,621,610","1,255.00","1,260.00","1,235.00","1,240.00",+15.00,"68,103"
2330,114/09/12,"28,224,895","35,417,505,350","1,255.00","1,260.00","1,250.00","1,260.00",+20.00,"49,823"
2330,114/09/15,"26,019,117","32,646,870,966","1,260.00","1,260.00","1,250.00","1,255.00",-5.00,"34,329"
2330,114/09/16,"42,279,997","53,953,521,005","1,265.00","1,285.00","1,260.00","1,280.00",X0.00,"69,019"
2330,114/09/17,"32,019,276","40,619,705,144","1,270.00","1,275.00","1,265.00","1,265.00",-15.00,"43,783"
2330,114/09/18,"26,442,220","33,782,903,646","1,275.00","1,285.00","1,265.00","1,285.00",+20.00,"32,050"
2330,114/09/19,"48,894,096","62,155,805,270","1,285.00","1,290.00","1,265.00","1,265.00",-20.00,"45,216"
2330,114/09/22,"30,411,595","39,134,679,853","1,270.00","1,295.00","1,270.00","1,295.00",+30.00,"45,424"
2330,114/09/23,"37,523,254","49,887,403,390","1,320.00","1,340.00","1,315.00","1,340.00",+45.00,"84,161"
2330,114/09/24,"47,820,358","64,029,838,375","1,350.00","1,355.00","1,325.00","1,340.00", 0.00,"86,987"
2330,114/09/25,"27,800,815","36,807,736,035","1,320.00","1,330.00","1,320.00","1,320.00",-20.00,"51,802"
2330,114/09/26,"29,378,983","38,254,039,082","1,310.00","1,315.00","1,295.00","1,300.00",-20.00,"103,337"
2330,114/08/01,"45,352,225","51,714,816,380","1,145.00","1,150.00","1,130.00","1,140.00",-20.00,"76,135"
2330,114/08/04,"25,256,974","28,532,556,011","1,130.00","1,135.00","1,125.00","1,135.00",-5.00,"47,206"
2330,114/08/05,"20,695,955","23,713,307,116","1,145.00","1,150.00","1,140.00","1,150.00",+15.00,"24,124"
2330,114/08/06,"24,015,506","27,066,744,255","1,130.00","1,135.00","1,125.00","1,125.00",-25.00,"55,936"
2330,114/08/07,"64,965,686","76,081,290,909","1,160.00","1,180.00","1,155.00","1,180.00",+55.00,"98,335"
2330,114/08/08,"27,434,505","32,303,933,490","1,180.00","1,185.00","1,170.00","1,175.00",-5.00,"43,558"
2330,114/08/11,"37,435,809","44,247,026,887","1,170.00","1,195.00","1,165.00","1,180.00",+5.00,"53,135"
2330,114/08/12,"30,137,118","35,563,421,901","1,180.00","1,190.00","1,170.00","1,180.00", 0.00,"37,189"
2330,114/08/13,"39,708,109","47,367,251,520","1,185.00","1,200.00","1,185.00","1,200.00",+20.00,"58,632"
2330,114/08/14,"35,269,337","41,625,421,848","1,185.00","1,190.00","1,175.00","1,175.00",-25.00,"55,678"
2330,114/08/15,"23,577,178","27,782,518,177","1,175.00","1,185.00","1,170.00","1,180.00",+5.00,"31,039"
2330,114/08/18,"21,182,611","24,952,978,606","1,170.00","1,185.00","1,170.00","1,180.00", 0.00,"29,158"
2330,114/08/19,"22,439,999","26,543,054,769","1,180.00","1,185.00","1,175.00","1,185.00",+5.00,"19,138"
2330,114/08/20,"73,148,689","84,039,496,961","1,165.00","1,165.00","1,135.00","1,135.00",-50.00,"201,335"
2330,114/08/21,"25,030,476","28,695,638,720","1,140.00","1,155.00","1,140.00","1,150.00",+15.00,"39,170"
2330,114/08/22,"20,220,071","23,147,345,045","1,155.00","1,155.00","1,135.00","1,135.00",-15.00,"37,292"
2330,114/08/25,"27,470,807","32,159,334,115","1,165.00","1,180.00","1,160.00","1,170.00",+35.00,"38,754"
2330,114/08/26,"39,495,275","46,349,348,727","1,165.00","1,185.00","1,160.00","1,175.00",+5.00,"25,751"
2330,114/08/27,"23,824,689","28,276,839,838","1,190.00","1,190.00","1,180.00","1,190.00",+15.00,"30,477"
2330,114/08/28,"20,960,787","24,563,005,745","1,185.00","1,185.00","1,160.00","1,160.00",-30.00,"36,728"
2330,114/08/29,"21,820,054","25,485,864,558","1,180.00","1,185.00","1,160.00","1,160.00", 0.00,"25,658"
2330,114/07/01,"52,818,889","57,235,426,744","1,080.00","1,095.00","1,075.00","1,085.00",+25.00,"68,934"
2330,114/07/02,"24,453,697","26,349,711,755","1,075.00","1,085.00","1,070.00","1,085.00", 0.00,"26,005"
2330,114/07/03,"39,719,503","43,590,599,965","1,105.00","1,105.00","1,090.00","1,090.00",+5.00,"52,136"
2330,114/07/04,"23,556,842","25,635,862,115","1,095.00","1,100.00","1,080.00","1,085.00",-5.00,"33,003"
2330,114/07/07,"19,949,311","21,467,492,525","1,080.00","1,085.00","1,070.00","1,080.00",-5.00,"29,161"
2330,114/07/08,"29,944,918","32,081,882,384","1,070.00","1,080.00","1,065.00","1,080.00", 0.00,"37,874"
2330,114/07/09,"25,899,845","27,998,741,278","1,070.00","1,090.00","1,065.00","1,090.00",+10.00,"30,492"
2330,114/07/10,"23,947,482","26,242,095,552","1,095.00","1,100.00","1,090.00","1,100.00",+10.00,"34,427"
2330,114/07/11,"30,615,792","33,607,768,195","1,095.00","1,100.00","1,090.00","1,100.00", 0.00,"30,851"
2330,114/07/14,"29,975,913","32,777,573,059","1,100.00","1,100.00","1,085.00","1,095.00",-5.00,"29,965"
2330,114/07/15,"49,458,466","54,619,049,312","1,095.00","1,115.00","1,090.00","1,110.00",+15.00,"62,368"
2330,114/07/16,"34,513,639","38,866,594,123","1,120.00","1,130.00","1,120.00","1,130.00",+20.00,"65,168"
2330,114/07/17,"36,971,364","41,632,558,135","1,130.00","1,135.00","1,115.00","1,130.00", 0.00,"41,463"
2330,114/07/18,"50,467,755","58,221,053,093","1,155.00","1,160.00","1,145.00","1,155.00",+25.00,"70,457"
2330,114/07/21,"32,374,260","37,068,540,960","1,145.00","1,150.00","1,135.00","1,150.00",-5.00,"39,350"
2330,114/07/22,"54,933,274","62,867,010,181","1,145.00","1,160.00","1,130.00","1,130.00",-20.00,"59,679"
2330,114/07/23,"31,360,184","35,765,717,715","1,140.00","1,145.00","1,135.00","1,145.00",+15.00,"32,586"
2330,114/07/24,"16,038,287","18,400,221,444","1,150.00","1,155.00","1,145.00","1,145.00", 0.00,"19,186"
2330,114/07/25,"23,026,843","26,418,536,660","1,150.00","1,155.00","1,140.00","1,145.00", 0.00,"25,178"
2330,114/07/28,"23,153,187","26,593,770,396","1,155.00","1,160.00","1,145.00","1,145.00", 0.00,"24,043"
2330,114/07/29,"41,471,548","47,077,846,101","1,145.00","1,145.00","1,125.00","1,135.00",-10.00,"43,297"
2330,114/07/30,"37,445,435","43,115,792,626","1,150.00","1,160.00","1,145.00","1,155.00",+20.00,"42,479"
2330,114/07/31,"35,986,507","41,712,508,468","1,160.00","1,165.00","1,155.00","1,160.00",+5.00,"50,361"
2330,114/06/02,"40,608,468","38,643,155,297",958.00,961.00,946.00,946.00,-21.00,"125,245"
2330,114/06/03,"27,482,916","26,302,041,072",960.00,965.00,950.00,950.00,+4.00,"43,550"
2330,114/06/04,"43,196,396","42,419,360,833",974.00,990.00,970.00,990.00,+40.00,"73,539"
2330,114/06/05,"27,047,750","26,936,792,104","1,000.00","1,000.00",991.00,998.00,+8.00,"51,309"
2330,114/06/06,"18,797,346","18,688,985,614",997.00,997.00,991.00,995.00,-3.00,"27,283"
2330,114/06/09,"23,952,041","24,100,014,375","1,005.00","1,010.00","1,000.00","1,005.00",+10.00,"56,903"
2330,114/06/10,"55,353,908","57,406,744,645","1,025.00","1,050.00","1,020.00","1,045.00",+40.00,"138,656"
2330,114/06/11,"46,137,188","48,960,267,029","1,065.00","1,070.00","1,055.00","1,065.00",+20.00,"75,830"
2330,114/06/12,"28,661,875","30,064,888,046","1,055.00","1,060.00","1,045.00","1,045.00",X0.00,"40,293"
2330,114/06/13,"31,371,948","32,434,779,823","1,040.00","1,040.00","1,025.00","1,030.00",-15.00,"40,938"
2330,114/06/16,"31,257,555","31,982,385,770","1,030.00","1,030.00","1,015.00","1,025.00",-5.00,"38,583"
2330,114/06/17,"30,890,431","32,183,667,155","1,040.00","1,050.00","1,035.00","1,045.00",+20.00,"30,757"
2330,114/06/18,"41,740,374","43,722,320,684","1,040.00","1,055.00","1,030.00","1,055.00",+10.00,"45,620"
2330,114/06/19,"25,354,905","26,287,507,815","1,045.00","1,045.00","1,030.00","1,035.00",-20.00,"31,893"
2330,114/06/20,"67,241,164","70,461,692,958","1,030.00","1,055.00","1,025.00","1,055.00",+20.00,"33,114"
2330,114/06/23,"33,543,038","34,292,190,910","1,025.00","1,030.00","1,015.00","1,020.00",-35.00,"56,849"
2330,114/06/24,"30,105,394","31,487,543,196","1,045.00","1,050.00","1,040.00","1,050.00",+30.00,"33,323"
2330,114/06/25,"44,519,173","47,370,306,720","1,060.00","1,070.00","1,055.00","1,070.00",+20.00,"75,075"
2330,114/06/26,"39,534,708","42,448,279,645","1,075.00","1,080.00","1,065.00","1,075.00",+5.00,"50,326"
2330,114/06/27,"34,877,892","37,353,695,324","1,070.00","1,080.00","1,060.00","1,080.00",+5.00,"38,535"
2330,114/06/30,"35,763,093","38,268,458,555","1,075.00","1,080.00","1,060.00","1,060.00",-20.00,"39,464"
2330,114/05/02,"48,129,292","45,206,565,214",938.00,950.00,932.00,950.00,+42.00,"99,509"
2330,114/05/05,"56,516,129","53,055,259,965",956.00,957.00,923.00,938.00,-12.00,"93,285"
2330,114/05/06,"43,358,708","40,011,158,770",916.00,930.00,916.00,920.00,-18.00,"74,918"
2330,114/05/07,"39,021,595","36,011,806,469",925.00,932.00,911.00,928.00,+8.00,"50,267"
2330,114/05/08,"30,777,988","28,602,519,292",933.00,939.00,918.00,918.00,-10.00,"39,133"
2330,114/05/09,"40,878,730","38,557,125,038",938.00,949.00,934.00,949.00,+31.00,"68,630"
2330,114/05/12,"25,668,469","24,554,284,001",954.00,962.00,952.00,957.00,+8.00,"44,647"
2330,114/05/13,"50,960,522","49,747,284,080",990.00,990.00,969.00,969.00,+12.00,"72,252"
2330,114/05/14,"55,061,671","54,697,821,594",990.00,999.00,988.00,999.00,+30.00,"105,868"
2330,114/05/15,"28,518,212","28,422,046,465","1,000.00","1,000.00",993.00,993.00,-6.00,"50,265"
2330,114/05/16,"18,079,325","17,966,857,712",991.00,998.00,989.00,998.00,+5.00,"36,183"
2330,114/05/19,"21,936,885","21,653,317,847",993.00,994.00,980.00,984.00,-14.00,"68,821"
2330,114/05/20,"24,317,788","23,922,516,474",991.00,994.00,978.00,978.00,-6.00,"46,215"
2330,114/05/21,"27,677,478","27,418,826,043",986.00,999.00,983.00,990.00,+12.00,"47,842"
2330,114/05/22,"19,671,417","19,321,581,490",988.00,988.00,979.00,982.00,-8.00,"41,571"
2330,114/05/23,"23,744,132","23,343,468,899",993.00,993.00,975.00,984.00,+2.00,"46,204"
2330,114/05/26,"20,906,797","20,460,682,166",975.00,984.00,975.00,976.00,-8.00,"31,349"
2330,114/05/27,"29,843,876","28,842,510,221",971.00,975.00,961.00,965.00,-11.00,"86,318"
2330,114/05/28,"31,929,816","31,118,692,765",984.00,985.00,967.00,967.00,+2.00,"37,776"
2330,114/05/29,"64,850,290","62,982,593,605",986.00,986.00,967.00,967.00, 0.00,"36,958"
2330,114/04/01,"33,673,400","31,491,275,577",929.00,946.00,925.00,944.00,+34.00,"73,772"
2330,114/04/02,"28,201,820","26,641,223,575",949.00,952.00,938.00,942.00,-2.00,"61,150"
2330,114/04/07,"37,652,704","32,012,146,992",848.00,848.00,848.00,848.00,-94.00,"219,438"
2330,114/04/08,"136,580,582","111,279,830,476",797.00,843.00,797.00,816.00,-32.00,"425,666"
2330,114/04/09,"122,044,966","97,865,587,721",809.00,826.00,780.00,785.00,-31.00,"518,687"
2330,114/04/10,"28,397,160","24,506,749,080",863.00,863.00,863.00,863.00,+78.00,"32,126"
2330,114/04/11,"81,264,878","70,338,979,303",848.00,889.00,836.00,889.00,+26.00,"188,545"
2330,114/04/14,"72,625,129","64,302,226,102",895.00,903.00,865.00,865.00,-24.00,"243,019"
2330,114/04/15,"35,642,588","31,178,394,103",874.00,879.00,865.00,877.00,+12.00,"66,577"
2330,114/04/16,"47,199,014","40,541,996,319",867.00,869.00,852.00,855.00,-22.00,"178,095"
2330,114/04/17,"36,449,601","30,955,774,323",849.00,856.00,842.00,847.00,-8.00,"104,874"
2330,114/04/18,"23,249,139","19,831,869,687",853.00,858.00,850.00,850.00,+3.00,"68,176"
2330,114/04/21,"20,672,773","17,304,529,560",844.00,847.00,832.00,835.00,-15.00,"104,189"
2330,114/04/22,"32,057,642","26,346,742,317",826.00,829.00,816.00,816.00,-19.00,"133,084"
2330,114/04/23,"40,685,613","34,980,602,995",853.00,873.00,848.00,873.00,+57.00,"78,430"
2330,114/04/24,"34,499,991","30,099,254,355",886.00,886.00,859.00,864.00,-9.00,"60,744"
2330,114/04/25,"39,651,775","35,411,585,995",900.00,901.00,886.00,888.00,+24.00,"76,758"
2330,114/04/28,"25,396,543","22,758,357,535",898.00,898.00,893.00,897.00,+9.00,"43,185"
2330,114/04/29,"31,146,996","27,990,673,396",897.00,902.00,893.00,902.00,+5.00,"45,912"
2330,114/04/30,"39,204,833","35,471,028,626",901.00,908.00,899.00,908.00,+6.00,"46,388"
2330,114/03/03,"73,279,419","74,076,141,634","1,000.00","1,020.00","1,000.00","1,020.00",-20.00,"208,673"
2330,114/03/04,"70,879,417","71,031,410,815",996.00,"1,010.00",996.00,"1,000.00",-20.00,"184,239"
2330,114/03/05,"45,086,222","46,126,315,408","1,020.00","1,030.00","1,015.00","1,020.00",+20.00,"63,259"
2330,114/03/06,"49,318,590","49,937,586,396","1,020.00","1,025.00","1,005.00","1,005.00",-15.00,"99,898"
2330,114/03/07,"50,358,724","50,550,677,397","1,005.00","1,010.00","1,000.00","1,005.00", 0.00,"95,905"
2330,114/03/10,"55,410,836","55,278,923,810","1,005.00","1,005.00",992.00,998.00,-7.00,"189,791"
2330,114/03/11,"58,764,791","57,064,143,987",969.00,979.00,963.00,971.00,-27.00,"323,403"
2330,114/03/12,"38,527,201","37,951,553,847",980.00,995.00,976.00,988.00,+17.00,"132,537"
2330,114/03/13,"42,915,696","42,199,819,801","1,000.00","1,005.00",965.00,965.00,-23.00,"192,169"
2330,114/03/14,"42,394,920","40,803,705,615",965.00,969.00,955.00,959.00,-6.00,"163,735"
2330,114/03/17,"35,012,870","34,177,107,575",977.00,985.00,968.00,970.00,+11.00,"77,808"
2330,114/03/18,"25,716,157","24,986,151,171",976.00,978.00,968.00,971.00,X0.00,"64,687"
2330,114/03/19,"43,493,556","41,620,146,409",965.00,967.00,950.00,952.00,-19.00,"234,877"
2330,114/03/20,"31,993,556","31,303,215,198",978.00,985.00,971.00,985.00,+33.00,"61,507"
2330,114/03/21,"46,869,716","45,683,124,466",985.00,987.00,970.00,972.00,-13.00,"63,137"
2330,114/03/24,"16,866,075","16,480,791,636",986.00,987.00,972.00,972.00, 0.00,"37,815"
2330,114/03/25,"28,306,040","28,011,143,558",989.00,995.00,985.00,990.00,+18.00,"58,257"
2330,114/03/26,"25,939,071","25,540,092,915",995.00,995.00,980.00,980.00,-10.00,"41,985"
2330,114/03/27,"44,589,770","42,834,147,980",961.00,964.00,958.00,958.00,-22.00,"170,110"
2330,114/03/28,"37,802,947","35,917,004,376",946.00,955.00,946.00,952.00,-6.00,"135,642"
2330,114/03/31,"59,733,510","54,820,217,557",920.00,924.00,910.00,910.00,-42.00,"301,446"
2330,114/02/03,"113,031,525","120,769,676,393","1,065.00","1,075.00","1,060.00","1,070.00",-65.00,"247,531"
2330,114/02/04,"57,904,652","63,132,252,012","1,085.00","1,100.00","1,080.00","1,095.00",+25.00,"59,315"
2330,114/02/05,"43,082,532","47,931,709,801","1,110.00","1,120.00","1,105.00","1,110.00",+15.00,"51,245"
2330,114/02/06,"33,768,196","37,638,807,097","1,120.00","1,120.00","1,105.00","1,115.00",+5.00,"32,994"
2330,114/02/07,"31,107,545","34,745,052,940","1,110.00","1,125.00","1,105.00","1,125.00",+10.00,"35,637"
2330,114/02/10,"31,037,109","34,425,517,969","1,125.00","1,125.00","1,095.00","1,105.00",-20.00,"60,839"
2330,114/02/11,"21,023,057","23,294,288,731","1,110.00","1,115.00","1,100.00","1,110.00",+5.00,"31,837"
2330,114/02/12,"26,190,392","28,966,591,975","1,110.00","1,115.00","1,100.00","1,100.00",-10.00,"38,511"
2330,114/02/13,"35,681,521","38,806,197,999","1,090.00","1,095.00","1,080.00","1,090.00",-10.00,"72,456"
2330,114/02/14,"73,417,323","78,100,130,074","1,065.00","1,070.00","1,060.00","1,060.00",-30.00,"218,986"
2330,114/02/17,"37,215,861","40,057,489,554","1,065.00","1,085.00","1,065.00","1,085.00",+25.00,"57,081"
2330,114/02/18,"24,018,940","26,204,727,000","1,085.00","1,100.00","1,080.00","1,100.00",+15.00,"30,650"
2330,114/02/19,"28,756,849","31,328,641,002","1,090.00","1,095.00","1,085.00","1,090.00",-10.00,"33,952"
2330,114/02/20,"31,108,197","33,537,160,793","1,080.00","1,085.00","1,070.00","1,080.00",-10.00,"43,395"
2330,114/02/21,"31,480,715","34,322,859,039","1,085.00","1,095.00","1,080.00","1,095.00",+15.00,"29,895"
2330,114/02/24,"33,837,606","36,461,265,148","1,080.00","1,085.00","1,075.00","1,075.00",-20.00,"47,924"
2330,114/02/25,"53,174,277","56,084,293,935","1,055.00","1,060.00","1,050.00","1,055.00",-20.00,"178,967"
2330,114/02/26,"42,921,499","45,208,281,264","1,045.00","1,060.00","1,045.00","1,060.00",+5.00,"75,535"
2330,114/02/27,"61,646,900","64,595,715,596","1,065.00","1,065.00","1,040.00","1,040.00",-20.00,"121,377"
2330,114/01/02,"45,045,125","47,883,206,644","1,070.00","1,075.00","1,055.00","1,065.00",-10.00,"74,997"
2330,114/01/03,"31,244,211","33,728,652,860","1,080.00","1,085.00","1,075.00","1,075.00",+10.00,"28,227"
2330,114/01/06,"77,874,801","86,585,128,825","1,100.00","1,125.00","1,095.00","1,125.00",+50.00,"130,021"
2330,114/01/07,"54,691,485","62,664,127,156","1,150.00","1,160.00","1,130.00","1,130.00",+5.00,"70,657"
2330,114/01/08,"49,181,518","54,760,296,689","1,110.00","1,130.00","1,105.00","1,105.00",-25.00,"71,736"
2330,114/01/09,"29,916,198","33,052,210,793","1,100.00","1,115.00","1,100.00","1,100.00",-5.00,"51,544"
2330,114/01/10,"24,475,751","26,996,697,889","1,100.00","1,110.00","1,100.00","1,100.00", 0.00,"38,027"
2330,114/01/13,"62,629,547","68,093,421,797","1,110.00","1,115.00","1,070.00","1,075.00",-25.00,"118,516"
2330,114/01/14,"31,280,235","33,915,048,410","1,085.00","1,090.00","1,075.00","1,090.00",+15.00,"32,218"
2330,114/01/15,"37,966,582","40,677,529,813","1,085.00","1,085.00","1,065.00","1,065.00",-25.00,"74,906"
2330,114/01/16,"49,872,673","54,934,128,041","1,095.00","1,115.00","1,090.00","1,105.00",+40.00,"54,389"
2330,114/01/17,"60,857,371","67,663,576,840","1,125.00","1,125.00","1,095.00","1,120.00",+15.00,"48,829"
2330,114/01/20,"32,062,171","36,076,248,367","1,125.00","1,135.00","1,120.00","1,120.00", 0.00,"37,780"
2330,114/01/21,"24,368,832","27,256,307,475","1,115.00","1,125.00","1,110.00","1,120.00", 0.00,"28,262"
2330,114/01/22,"45,996,696","52,510,666,410","1,140.00","1,150.00","1,135.00","1,135.00",+15.00,"59,434"
2330,113/12/02,"33,333,423","34,325,585,125","1,020.00","1,040.00","1,015.00","1,035.00",+39.00,"42,112"
2330,113/12/03,"48,632,084","51,509,603,939","1,060.00","1,065.00","1,055.00","1,055.00",+20.00,"55,988"
2330,113/12/04,"35,431,584","37,738,286,825","1,065.00","1,070.00","1,055.00","1,070.00",+15.00,"45,553"
2330,113/12/05,"41,293,183","44,420,331,699","1,070.00","1,080.00","1,070.00","1,075.00",+5.00,"51,311"
2330,113/12/06,"32,090,124","34,306,935,479","1,075.00","1,080.00","1,060.00","1,065.00",-10.00,"33,697"
2330,113/12/09,"30,255,281","32,409,791,931","1,070.00","1,075.00","1,065.00","1,075.00",+10.00,"25,230"
2330,113/12/10,"32,359,253","34,496,134,808","1,070.00","1,075.00","1,060.00","1,065.00",-10.00,"31,326"
2330,113/12/11,"26,948,940","28,278,772,503","1,045.00","1,060.00","1,045.00","1,045.00",-20.00,"47,194"
2330,113/12/12,"26,574,460","28,185,087,817","1,060.00","1,065.00","1,055.00","1,060.00",X0.00,"25,096"
2330,113/12/13,"24,329,785","25,873,117,992","1,060.00","1,070.00","1,055.00","1,065.00",+5.00,"25,787"
2330,113/12/16,"43,679,921","47,253,709,874","1,085.00","1,085.00","1,075.00","1,085.00",+20.00,"53,568"
2330,113/12/17,"40,033,595","43,428,037,809","1,090.00","1,095.00","1,075.00","1,075.00",-10.00,"42,830"
2330,113/12/18,"47,331,164","51,170,937,776","1,075.00","1,090.00","1,070.00","1,085.00",+10.00,"40,248"
2330,113/12/19,"46,126,529","49,061,396,399","1,065.00","1,070.00","1,055.00","1,070.00",-15.00,"62,146"
2330,113/12/20,"56,392,109","58,923,043,065","1,060.00","1,060.00","1,035.00","1,035.00",-35.00,"85,875"
2330,113/12/23,"32,800,319","35,200,907,996","1,065.00","1,080.00","1,060.00","1,080.00",+45.00,"39,942"
2330,113/12/24,"30,069,757","32,689,957,470","1,095.00","1,095.00","1,080.00","1,080.00", 0.00,"36,423"
2330,113/12/25,"16,186,220","17,591,123,835","1,090.00","1,090.00","1,080.00","1,085.00",+5.00,"28,032"
2330,113/12/26,"15,017,636","16,328,335,510","1,085.00","1,090.00","1,085.00","1,085.00", 0.00,"23,380"
2330,113/12/27,"26,151,993","28,531,251,520","1,080.00","1,095.00","1,080.00","1,090.00",+5.00,"40,184"
2330,113/12/30,"27,437,455","29,944,447,716","1,090.00","1,095.00","1,085.00","1,090.00", 0.00,"28,373"
2330,113/12/31,"29,239,004","31,511,634,720","1,080.00","1,085.00","1,075.00","1,075.00",-15.00,"32,969"
2330,113/11/01,"61,545,741","62,269,386,415",996.00,"1,030.00",996.00,"1,025.00",-5.00,"77,404"
2330,113/11/04,"28,225,506","29,263,376,605","1,030.00","1,045.00","1,025.00","1,040.00",+15.00,"33,492"
2330,113/11/05,"33,407,780","34,851,674,542","1,030.00","1,055.00","1,030.00","1,050.00",+10.00,"28,872"
2330,113/11/06,"59,404,980","63,110,184,620","1,050.00","1,080.00","1,040.00","1,060.00",+10.00,"58,611"
2330,113/11/07,"46,030,563","48,979,606,039","1,050.00","1,075.00","1,050.00","1,065.00",+5.00,"41,583"
2330,113/11/08,"38,840,413","42,224,017,162","1,085.00","1,090.00","1,080.00","1,090.00",+25.00,"58,203"
2330,113/11/11,"36,630,666","39,467,913,757","1,080.00","1,090.00","1,070.00","1,085.00",-5.00,"48,859"
2330,113/11/12,"54,098,799","57,135,037,210","1,060.00","1,065.00","1,050.00","1,050.00",-35.00,"92,756"
2330,113/11/13,"46,420,969","48,395,649,023","1,045.00","1,050.00","1,035.00","1,035.00",-15.00,"75,428"
2330,113/11/14,"49,328,914","50,864,201,443","1,030.00","1,040.00","1,025.00","1,035.00", 0.00,"62,545"
2330,113/11/15,"37,405,855","38,824,519,360","1,040.00","1,045.00","1,030.00","1,035.00", 0.00,"38,669"
2330,113/11/18,"33,583,180","34,422,999,050","1,030.00","1,035.00","1,020.00","1,025.00",-10.00,"56,311"
2330,113/11/19,"25,497,606","26,433,399,155","1,030.00","1,045.00","1,025.00","1,040.00",+15.00,"26,315"
2330,113/11/20,"40,203,197","41,541,948,790","1,045.00","1,050.00","1,020.00","1,025.00",-15.00,"53,280"
2330,113/11/21,"44,679,981","45,374,625,920","1,020.00","1,025.00","1,010.00","1,010.00",-15.00,"67,481"
2330,113/11/22,"32,509,453","33,754,431,973","1,035.00","1,050.00","1,035.00","1,040.00",+30.00,"28,859"
2330,113/11/25,"54,443,912","56,293,841,760","1,045.00","1,050.00","1,030.00","1,030.00",-10.00,"34,710"
2330,113/11/26,"31,309,332","31,750,783,325","1,015.00","1,020.00","1,010.00","1,010.00",-20.00,"79,568"
2330,113/11/27,"34,602,143","34,822,499,480","1,010.00","1,020.00","1,000.00","1,000.00",-10.00,"111,382"
2330,113/11/28,"37,166,049","37,181,706,464","1,005.00","1,005.00",992.00,"1,005.00",+5.00,"82,426"
2330,113/11/29,"43,621,329","43,637,043,385",995.00,"1,010.00",994.00,996.00,-9.00,"47,567"
2330,113/10/01,"27,877,267","27,093,881,327",967.00,977.00,967.00,972.00,+15.00,"37,862"
2330,113/10/04,"43,765,757","42,845,984,122",986.00,986.00,967.00,977.00,+5.00,"43,935"
2330,113/10/07,"43,850,831","43,905,376,215",993.00,"1,010.00",989.00,"1,005.00",+28.00,"79,851"
2330,113/10/08,"35,344,059","35,503,172,585","1,000.00","1,010.00",997.00,"1,010.00",+5.00,"42,227"
2330,113/10/09,"53,208,610","54,663,169,800","1,030.00","1,035.00","1,020.00","1,020.00",+10.00,"80,835"
2330,113/10/11,"47,776,351","49,706,577,415","1,025.00","1,050.00","1,020.00","1,045.00",+25.00,"89,915"
2330,113/10/14,"39,906,157","41,745,442,865","1,045.00","1,055.00","1,035.00","1,045.00", 0.00,"49,228"
2330,113/10/15,"52,066,470","55,504,081,569","1,050.00","1,075.00","1,050.00","1,070.00",+25.00,"88,895"
2330,113/10/16,"60,312,846","63,228,552,464","1,040.00","1,070.00","1,035.00","1,045.00",-25.00,"69,585"
2330,113/10/17,"56,618,332","58,862,054,838","1,050.00","1,055.00","1,030.00","1,035.00",-10.00,"58,589"
2330,113/10/18,"91,036,335","99,230,303,460","1,095.00","1,100.00","1,075.00","1,085.00",+50.00,"132,797"
2330,113/10/21,"42,094,031","45,813,114,865","1,090.00","1,095.00","1,080.00","1,085.00", 0.00,"43,553"
2330,113/10/22,"43,740,591","46,707,090,730","1,065.00","1,075.00","1,060.00","1,075.00",-10.00,"56,089"
2330,113/10/23,"32,895,421","34,912,308,143","1,060.00","1,070.00","1,055.00","1,060.00",-15.00,"40,549"
2330,113/10/24,"40,791,484","43,477,824,029","1,070.00","1,075.00","1,055.00","1,060.00", 0.00,"42,113"
2330,113/10/25,"23,347,890","24,867,260,319","1,065.00","1,070.00","1,060.00","1,065.00",+5.00,"25,884"
2330,113/10/28,"41,665,065","44,216,316,045","1,075.00","1,080.00","1,050.00","1,050.00",-15.00,"55,098"
2330,113/10/29,"48,097,705","49,680,152,085","1,035.00","1,040.00","1,020.00","1,040.00",-10.00,"93,617"
2330,113/10/30,"40,765,247","42,368,799,669","1,040.00","1,055.00","1,030.00","1,030.00",-10.00,"46,750"
2317,114/09/01,"70,459,817","14,078,205,621",203.00,204.50,197.00,198.50,-5.00,"71,939"
2317,114/09/02,"35,779,045","7,156,125,061",200.00,203.50,198.00,198.50, 0.00,"34,355"
2317,114/09/03,"34,371,962","6,872,038,310",198.50,201.00,197.00,200.50,+2.00,"27,080"
2317,114/09/04,"41,864,177","8,521,942,683",203.00,205.00,202.00,203.00,+2.50,"31,214"
2317,114/09/05,"39,235,404","8,029,752,712",205.50,206.50,203.00,205.00,+2.00,"28,923"
2317,114/09/08,"45,711,589","9,334,946,908",206.00,207.50,202.00,203.50,-1.50,"50,746"
2317,114/09/09,"64,990,917","13,418,391,286",204.50,208.00,204.00,207.50,+4.00,"49,854"
2317,114/09/10,"86,104,648","18,091,486,378",211.00,211.00,209.00,210.00,+2.50,"59,270"
2317,114/09/11,"133,210,297","28,371,439,699",212.00,216.50,209.00,214.50,+4.50,"110,323"
2317,114/09/12,"74,001,120","16,094,789,200",217.00,218.50,216.50,217.50,+3.00,"59,880"
2317,114/09/15,"56,651,315","12,223,562,936",218.50,218.50,213.00,216.00,-1.50,"75,033"
2317,114/09/16,"50,810,161","10,921,782,120",217.00,217.00,213.50,215.50,-0.50,"55,352"
2317,114/09/17,"57,358,177","12,178,164,074",214.00,214.50,211.00,212.00,-3.50,"55,556"
2317,114/09/18,"80,554,452","17,094,718,551",211.50,216.00,208.00,215.00,+3.00,"58,698"
2317,114/09/19,"60,640,765","13,043,430,662",216.50,217.00,214.00,214.00,-1.00,"31,511"
2317,114/09/22,"34,758,075","7,497,072,101",215.50,218.00,214.00,216.00,+2.00,"26,738"
2317,114/09/23,"106,127,922","23,372,213,555",218.00,222.00,217.50,221.00,+5.00,"80,860"
2317,114/09/24,"66,406,960","14,704,333,060",222.00,223.00,219.00,223.00,+2.00,"57,218"
2317,114/09/25,"126,590,277","28,960,571,650",223.00,231.00,222.50,230.00,+7.00,"104,399"
2317,114/09/26,"122,225,692","27,112,438,607",230.00,230.50,218.50,219.50,-10.50,"135,714"
2317,114/08/01,"65,361,707","11,706,827,616",175.00,181.50,175.00,181.50,+3.50,"51,454"
2317,114/08/04,"44,503,796","7,997,047,960",179.50,181.00,178.50,180.00,-1.50,"46,741"
2317,114/08/05,"52,169,907","9,581,384,795",182.00,185.00,182.00,184.50,+4.50,"44,275"
2317,114/08/06,"68,868,790","12,855,469,334",185.50,188.50,184.00,186.00,+1.50,"57,215"
2317,114/08/07,"119,398,749","23,135,389,200",190.00,195.00,190.00,194.50,+8.50,"89,235"
2317,114/08/08,"65,469,369","12,751,231,873",197.00,197.00,193.50,194.50, 0.00,"56,247"
2317,114/08/11,"52,291,064","10,257,696,276",194.00,198.00,192.50,198.00,+3.50,"48,797"
2317,114/08/12,"38,689,326","7,612,313,926",198.50,199.00,195.50,197.00,-1.00,"45,555"
2317,114/08/13,"103,356,675","20,312,528,967",198.00,199.00,193.50,198.50,+1.50,"106,187"
2317,114/08/14,"78,943,020","15,688,176,080",197.50,200.00,197.00,199.50,+1.00,"51,680"
2317,114/08/15,"156,672,765","32,140,128,028",205.00,208.00,202.00,207.00,+7.50,"120,858"
2317,114/08/18,"73,566,364","15,318,133,373",207.50,210.00,206.00,210.00,+3.00,"71,361"
2317,114/08/19,"49,978,122","10,455,248,708",210.00,212.00,208.00,208.00,-2.00,"48,934"
2317,114/08/20,"124,219,182","25,064,469,815",206.00,206.50,200.00,200.50,-7.50,"146,067"
2317,114/08/21,"67,845,018","13,866,663,290",201.00,206.00,201.00,206.00,+5.50,"57,751"
2317,114/08/22,"54,944,456","11,230,285,900",208.00,208.00,202.00,202.50,-3.50,"75,006"
2317,114/08/25,"52,074,373","10,794,411,131",207.00,208.00,206.00,207.50,+5.00,"36,892"
2317,114/08/26,"42,252,559","8,781,319,005",207.00,209.00,206.00,209.00,+1.50,"31,176"
2317,114/08/27,"41,852,802","8,721,224,257",210.00,210.00,207.50,208.00,-1.00,"36,106"
2317,114/08/28,"48,681,221","10,022,449,817",207.50,207.50,204.00,206.00,-2.00,"34,179"
2317,114/08/29,"55,250,195","11,287,102,203",206.00,207.00,202.50,203.50,-2.50,"44,100"
2317,114/07/01,"103,158,692","17,001,710,493",161.50,166.00,161.00,165.50,+4.50,"53,985"
2317,114/07/02,"66,421,265","10,698,542,359",160.00,162.00,160.00,162.00,X0.00,"38,870"
2317,114/07/03,"46,192,607","7,556,844,035",164.00,164.50,163.00,164.00,+2.00,"26,993"
2317,114/07/04,"27,987,146","4,531,231,445",164.00,164.50,160.50,161.00,-3.00,"24,426"
2317,114/07/07,"24,255,997","3,893,392,715",161.00,162.00,159.50,161.00, 0.00,"18,640"
2317,114/07/08,"30,781,568","4,903,079,458",160.50,161.00,158.50,159.00,-2.00,"23,369"
2317,114/07/09,"29,446,200","4,719,377,359",159.50,161.50,159.00,161.00,+2.00,"18,944"
2317,114/07/10,"31,990,223","5,165,062,832",161.00,162.50,160.00,161.50,+0.50,"15,492"
2317,114/07/11,"21,551,645","3,482,917,796",161.50,162.50,160.50,161.50, 0.00,"13,418"
2317,114/07/14,"18,862,970","3,040,162,750",161.50,162.50,160.50,160.50,-1.00,"13,802"
2317,114/07/15,"20,779,193","3,370,418,821",160.00,163.00,160.00,163.00,+2.50,"14,323"
2317,114/07/16,"25,282,174","4,125,245,246",163.00,164.00,162.50,162.50,-0.50,"19,191"
2317,114/07/17,"20,679,892","3,376,492,590",163.00,164.00,162.50,164.00,+1.50,"13,941"
2317,114/07/18,"35,368,360","5,849,477,745",165.00,166.00,164.50,165.50,+1.50,"25,273"
2317,114/07/21,"17,115,644","2,829,769,056",166.00,166.50,164.50,165.00,-0.50,"15,836"
2317,114/07/22,"39,452,683","6,460,051,684",165.00,166.00,161.50,162.00,-3.00,"29,483"
2317,114/07/23,"51,058,093","8,423,168,242",163.50,166.00,163.50,166.00,+4.00,"29,683"
2317,114/07/24,"127,736,383","21,927,528,908",168.00,174.00,167.50,174.00,+8.00,"88,818"
2317,114/07/25,"57,244,442","9,987,099,598",175.50,175.50,173.00,174.50,+0.50,"46,623"
2317,114/07/28,"55,666,706","9,839,859,868",176.00,178.00,175.50,176.00,+1.50,"42,177"
2317,114/07/29,"49,613,588","8,549,605,375",175.00,175.50,171.00,171.50,-4.50,"69,848"
2317,114/07/30,0,0,--,--,--,--, 0.00,0
2317,114/07/31,"90,529,600","16,087,437,011",178.00,179.00,176.00,178.00,X0.00,"65,592"
2317,114/06/02,"55,748,448","8,490,668,458",154.00,154.50,151.00,152.50,-3.50,"44,219"
2317,114/06/03,"38,422,320","5,875,967,951",153.50,155.00,151.50,151.50,-1.00,"21,959"
2317,114/06/04,"39,837,003","6,177,051,978",153.50,156.00,153.00,156.00,+4.50,"22,240"
2317,114/06/05,"34,529,119","5,394,408,492",156.50,157.00,155.50,155.50,-0.50,"21,708"
2317,114/06/06,"24,170,636","3,717,157,598",155.50,155.50,153.00,153.00,-2.50,"22,121"
2317,114/06/09,"18,474,613","2,857,946,753",155.00,155.50,154.00,154.50,+1.50,"14,285"
2317,114/06/10,"33,025,153","5,137,840,933",155.50,156.00,155.00,155.50,+1.00,"22,857"
2317,114/06/11,"27,402,761","4,286,075,422",156.50,157.50,155.50,156.00,+0.50,"19,829"
2317,114/06/12,"33,551,155","5,270,624,142",155.50,158.00,154.00,157.50,+1.50,"21,890"
2317,114/06/13,"37,530,090","5,883,267,960",157.00,158.50,156.00,156.50,-1.00,"21,288"
2317,114/06/16,"21,896,497","3,402,676,630",156.00,157.00,154.50,155.00,-1.50,"15,947"
2317,114/06/17,"25,564,725","3,969,622,214",156.50,157.00,154.50,155.00, 0.00,"17,489"
2317,114/06/18,"38,500,036","5,983,147,696",155.00,156.50,154.00,156.00,+1.00,"20,288"
2317,114/06/19,"20,674,399","3,197,614,958",155.50,156.00,154.00,154.00,-2.00,"17,858"
2317,114/06/20,"60,372,534","9,354,470,414",154.50,155.50,153.00,155.50,+1.50,"20,508"
2317,114/06/23,"49,297,718","7,596,329,559",153.00,156.00,152.00,156.00,+0.50,"27,058"
2317,114/06/24,"67,130,349","10,749,342,455",158.00,162.00,157.50,160.50,+4.50,"40,109"
2317,114/06/25,"48,758,589","7,862,835,911",161.50,162.00,160.00,162.00,+1.50,"29,240"
2317,114/06/26,"65,708,560","10,691,392,412",162.00,164.00,161.50,163.00,+1.00,"36,047"
2317,114/06/27,"75,664,710","12,435,280,695",163.00,165.50,162.50,165.00,+2.00,"40,110"
2317,114/06/30,"62,308,280","10,165,201,855",166.00,166.50,161.00,161.00,-4.00,"41,102"
2317,114/05/02,"60,280,797","8,810,890,892",144.50,148.00,144.00,147.50,+6.00,"43,319"
2317,114/05/05,"66,798,494","9,625,497,137",149.00,149.00,142.00,142.50,-5.00,"46,397"
2317,114/05/06,"53,330,985","7,744,348,350",142.50,146.50,142.00,146.00,+3.50,"28,490"
2317,114/05/07,"43,382,455","6,280,064,242",146.50,148.00,143.50,145.00,-1.00,"26,060"
2317,114/05/08,"29,519,952","4,306,942,606",145.50,146.50,144.50,146.00,+1.00,"19,660"
2317,114/05/09,"30,063,441","4,411,271,067",146.50,147.50,145.50,147.00,+1.00,"19,339"
2317,114/05/12,"59,409,981","9,007,425,118",149.00,153.00,148.50,153.00,+6.00,"39,231"
2317,114/05/13,"95,098,747","15,131,219,536",159.50,161.50,157.00,158.00,+5.00,"62,733"
2317,114/05/14,"71,682,968","11,574,000,654",161.50,163.00,159.50,163.00,+5.00,"52,174"
2317,114/05/15,"71,845,843","11,496,060,994",163.00,163.00,158.50,159.50,-3.50,"63,640"
2317,114/05/16,"34,670,607","5,488,707,082",158.50,159.50,157.00,158.00,-1.50,"29,721"
2317,114/05/19,"53,345,121","8,302,375,919",157.00,158.00,154.00,154.00,-4.00,"45,200"
2317,114/05/20,"41,647,356","6,466,185,354",157.00,158.50,153.50,154.00, 0.00,"29,970"
2317,114/05/21,"29,698,374","4,611,696,553",155.00,156.50,154.50,155.00,+1.00,"21,779"
2317,114/05/22,"37,074,612","5,656,223,455",153.50,154.00,151.50,153.00,-2.00,"31,839"
2317,114/05/23,"22,518,013","3,464,814,657",156.00,156.00,153.00,154.00,+1.00,"16,196"
2317,114/05/26,"28,992,215","4,448,552,234",152.50,155.00,151.00,153.00,-1.00,"18,855"
2317,114/05/27,"27,594,038","4,221,069,063",153.50,155.00,152.00,152.00,-1.00,"19,732"
2317,114/05/28,"31,758,614","4,842,901,295",154.00,154.00,151.50,152.00, 0.00,"20,993"
2317,114/05/29,"91,749,249","14,345,913,002",154.50,158.00,154.00,156.00,+4.00,"45,878"
2317,114/04/01,"61,385,394","9,269,985,746",148.50,153.00,148.00,152.00,+6.00,"42,452"
2317,114/04/02,"38,868,764","5,955,684,019",153.00,154.50,152.00,153.50,+1.50,"31,686"
2317,114/04/07,"30,755,604","4,259,646,765",138.50,138.50,138.50,138.50,-15.00,"39,912"
2317,114/04/08,"308,542,896","39,193,398,694",127.00,130.50,125.00,125.00,-13.50,"184,008"
2317,114/04/09,"366,032,118","42,809,132,937",119.00,122.50,112.50,112.50,-12.50,"219,246"
2317,114/04/10,"36,901,188","4,557,296,036",123.50,123.50,123.50,123.50,+11.00,"15,924"
2317,114/04/11,"297,865,611","37,718,131,962",118.50,135.00,117.00,134.50,+11.00,"151,793"
2317,114/04/14,"214,264,335","30,130,175,092",141.50,145.00,136.00,138.50,+4.00,"127,354"
2317,114/04/15,"86,203,486","11,926,176,813",139.00,140.00,136.00,139.50,+1.00,"63,145"
2317,114/04/16,"61,680,512","8,447,843,722",138.00,139.50,136.00,136.00,-3.50,"50,625"
2317,114/04/17,"64,431,249","8,622,798,581",134.50,135.50,132.00,134.50,-1.50,"39,467"
2317,114/04/18,"26,363,008","3,564,680,170",135.00,136.50,133.50,135.50,+1.00,"21,715"
2317,114/04/21,"32,102,734","4,366,804,312",135.00,137.00,134.50,136.50,+1.00,"21,917"
2317,114/04/22,"44,476,006","5,940,736,369",134.50,136.00,131.50,132.00,-4.50,"55,134"
2317,114/04/23,"65,973,272","9,086,566,741",136.00,139.50,136.00,139.00,+7.00,"38,655"
2317,114/04/24,"46,353,045","6,354,097,505",139.00,139.00,135.50,136.50,-2.50,"30,115"
2317,114/04/25,"57,201,568","7,980,480,834",140.50,141.00,138.50,139.00,+2.50,"32,639"
2317,114/04/28,"47,321,711","6,732,928,742",140.00,143.50,140.00,142.50,+3.50,"32,931"
2317,114/04/29,"40,351,039","5,750,350,132",141.50,143.50,141.00,143.00,+0.50,"23,400"
2317,114/04/30,"42,090,535","5,991,475,670",143.00,144.00,141.50,141.50,-1.50,"24,152"
2317,114/03/03,"70,556,492","12,112,410,727",172.00,175.00,170.00,170.00,-4.00,"76,523"
2317,114/03/04,"71,127,819","12,007,537,766",165.50,172.00,165.00,170.50,+0.50,"65,668"
2317,114/03/05,"45,364,409","7,855,325,151",171.50,175.00,171.50,173.50,+3.00,"31,719"
2317,114/03/06,"28,989,951","5,056,441,595",175.50,176.00,173.50,173.50, 0.00,"25,315"
2317,114/03/07,"32,530,175","5,607,535,311",171.00,174.50,171.00,172.00,-1.50,"29,463"
2317,114/03/10,"36,673,846","6,293,376,887",173.50,174.00,170.00,172.00, 0.00,"26,004"
2317,114/03/11,"69,729,259","11,667,727,498",166.00,169.50,165.00,168.50,-3.50,"65,332"
2317,114/03/12,"41,085,436","6,996,341,452",169.00,171.50,169.00,170.50,+2.00,"29,551"
2317,114/03/13,"35,310,891","6,014,788,759",172.50,174.00,168.00,168.00,-2.50,"44,215"
2317,114/03/14,"33,052,530","5,596,145,369",168.50,170.50,168.00,170.00,+2.00,"21,222"
2317,114/03/17,"50,999,196","8,651,398,483",172.00,172.50,168.00,168.00,-2.00,"49,501"
2317,114/03/18,"40,404,616","6,786,977,089",169.00,169.50,167.00,167.50,-0.50,"40,157"
2317,114/03/19,"80,802,409","13,339,464,376",167.00,167.50,163.50,164.00,-3.50,"98,597"
2317,114/03/20,"37,221,459","6,170,852,921",165.00,167.00,164.50,166.00,+2.00,"29,854"
2317,114/03/21,"55,445,821","9,171,520,069",167.00,167.00,165.00,165.00,-1.00,"28,897"
2317,114/03/24,"42,919,426","7,041,098,300",166.50,167.00,163.00,163.00,-2.00,"49,232"
2317,114/03/25,"34,677,689","5,728,366,017",165.50,166.50,164.00,165.00,+2.00,"24,782"
2317,114/03/26,"19,840,998","3,290,605,842",166.00,167.00,165.00,166.00,+1.00,"16,078"
2317,114/03/27,"68,898,389","11,113,072,033",163.50,164.00,160.00,160.50,-5.50,"90,993"
2317,114/03/28,"111,580,460","17,310,150,126",158.00,158.50,153.00,154.00,-6.50,"127,991"
2317,114/03/31,"130,858,564","19,290,960,164",145.00,149.50,145.00,146.00,-8.00,"109,001"
2317,114/02/03,"168,103,694","27,880,932,586",164.00,168.00,163.50,165.50,-14.50,"203,537"
2317,114/02/04,"68,458,788","11,379,696,528",167.00,169.00,165.00,165.00,-0.50,"73,349"
2317,114/02/05,"53,304,973","9,033,062,898",167.00,171.50,167.00,171.00,+6.00,"42,917"
2317,114/02/06,"41,060,652","7,081,097,296",172.50,174.00,171.00,173.00,+2.00,"31,971"
2317,114/02/07,"52,118,210","9,202,320,428",175.00,178.00,174.00,178.00,+5.00,"44,998"
2317,114/02/10,"37,723,196","6,590,892,944",176.00,176.50,174.00,174.00,-4.00,"48,491"
2317,114/02/11,"71,048,641","12,782,953,142",178.00,182.00,176.00,179.00,+5.00,"48,761"
2317,114/02/12,"42,666,219","7,608,185,758",181.50,181.50,177.00,177.00,-2.00,"63,003"
2317,114/02/13,"40,596,733","7,259,602,358",177.00,181.00,177.00,180.00,+3.00,"24,848"
2317,114/02/14,"26,925,038","4,808,438,797",180.00,180.50,177.50,178.00,-2.00,"25,657"
2317,114/02/17,"47,251,327","8,577,655,581",179.50,182.50,179.00,182.50,+4.50,"34,023"
2317,114/02/18,"27,184,244","4,958,070,370",183.00,184.00,181.00,183.50,+1.00,"22,580"
2317,114/02/19,"35,389,548","6,488,063,362",183.50,184.50,182.00,183.00,-0.50,"27,655"
2317,114/02/20,"23,659,372","4,311,924,877",183.00,183.50,181.50,182.00,-1.00,"20,159"
2317,114/02/21,"35,359,340","6,465,535,028",181.50,184.00,181.00,183.00,+1.00,"21,572"
2317,114/02/24,"27,928,907","5,103,161,593",181.00,184.00,180.50,184.00,+1.00,"21,220"
2317,114/02/25,"70,811,787","12,690,044,507",181.50,182.00,177.50,177.50,-6.50,"73,391"
2317,114/02/26,"45,145,771","8,041,430,005",175.00,181.00,174.50,180.50,+3.00,"29,868"
2317,114/02/27,"81,509,723","14,374,897,915",180.00,181.50,174.00,174.00,-6.50,"74,546"
2317,114/01/02,"41,467,354","7,588,159,603",184.00,186.00,181.50,182.50,-1.50,"48,006"
2317,114/01/03,"48,659,205","8,838,730,132",183.00,184.00,180.50,181.00,-1.50,"52,820"
2317,114/01/06,"67,829,021","12,539,307,339",185.00,187.50,183.50,184.50,+3.50,"48,289"
2317,114/01/07,"83,019,294","15,727,768,928",187.00,192.00,186.50,190.00,+5.50,"61,312"
2317,114/01/08,"41,798,818","7,881,691,230",190.00,190.00,187.00,188.00,-2.00,"68,591"
2317,114/01/09,"47,079,538","8,712,211,883",188.00,188.00,183.00,183.00,-5.00,"53,956"
2317,114/01/10,"42,317,494","7,698,779,260",182.50,184.00,181.00,181.50,-1.50,"47,888"
2317,114/01/13,"157,188,534","27,407,637,685",180.00,180.50,171.50,171.50,-10.00,"192,669"
2317,114/01/14,"64,355,673","11,130,474,220",171.50,174.50,171.00,174.50,+3.00,"52,963"
2317,114/01/15,"60,432,737","10,411,822,201",174.50,175.50,171.00,171.00,-3.50,"65,891"
2317,114/01/16,"42,128,703","7,331,867,358",175.00,176.00,173.00,173.50,+2.50,"32,338"
2317,114/01/17,"47,442,329","8,231,498,177",173.00,175.50,172.00,173.50, 0.00,"33,175"
2317,114/01/20,"35,167,919","6,214,216,149",174.50,178.00,174.50,178.00,+4.50,"44,005"
2317,114/01/21,"32,613,034","5,818,448,615",178.50,180.00,177.00,178.50,+0.50,"31,806"
2317,114/01/22,"44,375,092","7,991,917,051",180.50,181.00,178.50,180.00,+1.50,"34,107"
2317,113/12/02,"47,905,269","9,428,699,635",198.50,199.50,195.50,196.00,+0.50,"41,679"
2317,113/12/03,"52,170,125","10,312,565,933",198.50,200.00,196.50,196.50,+0.50,"47,992"
2317,113/12/04,"50,379,504","10,055,268,944",197.50,201.50,197.00,201.00,+4.50,"32,459"
2317,113/12/05,"46,475,440","9,319,676,695",203.00,203.50,199.00,199.00,-2.00,"47,064"
2317,113/12/06,"47,526,532","9,465,077,239",199.50,201.50,197.50,198.00,-1.00,"36,972"
2317,113/12/09,"41,114,306","8,084,426,101",198.50,199.00,195.00,195.00,-3.00,"55,012"
2317,113/12/10,"58,994,150","11,375,383,210",193.00,195.00,192.00,192.00,-3.00,"73,633"
2317,113/12/11,"66,246,732","12,596,425,979",190.00,194.00,189.00,189.00,-3.00,"86,964"
2317,113/12/12,"50,634,757","9,624,979,364",190.50,193.00,188.50,188.50,-0.50,"51,432"
2317,113/12/13,"55,417,050","10,371,852,143",188.50,189.50,185.50,186.50,-2.00,"78,777"
2317,113/12/16,"75,228,642","13,834,643,194",188.00,189.50,181.50,182.00,-4.50,"96,744"
2317,113/12/17,"55,667,607","10,220,503,792",181.00,186.00,181.00,183.00,+1.00,"47,278"
2317,113/12/18,"47,937,386","8,823,563,402",183.00,185.50,182.50,184.50,+1.50,"36,056"
2317,113/12/19,"65,029,900","11,756,961,039",181.00,182.00,179.00,181.00,-3.50,"68,455"
2317,113/12/20,"56,744,328","10,296,646,083",181.00,184.00,180.00,181.00, 0.00,"33,841"
2317,113/12/23,"52,761,423","9,808,419,401",185.00,187.50,184.00,185.50,+4.50,"37,334"
2317,113/12/24,"33,589,660","6,258,359,645",187.50,187.50,185.50,185.50, 0.00,"29,234"
2317,113/12/25,"21,758,176","4,062,013,540",186.50,188.00,186.00,186.50,+1.00,"18,772"
2317,113/12/26,"36,347,153","6,835,578,141",187.50,189.00,187.00,187.50,+1.00,"26,373"
2317,113/12/27,"22,136,195","4,128,454,600",187.50,188.00,185.50,186.50,-1.00,"22,469"
2317,113/12/30,"24,531,536","4,550,186,856",185.50,187.00,184.50,185.00,-1.50,"22,906"
2317,113/12/31,"22,003,451","4,048,043,958",184.50,185.00,183.00,184.00,-1.00,"24,178"
2317,113/11/01,"89,610,123","18,433,074,201",202.00,208.50,201.50,208.00,-3.50,"80,888"
2317,113/11/04,"58,094,813","12,294,890,607",209.00,214.00,208.00,214.00,+6.00,"39,861"
2317,113/11/05,"43,852,449","9,367,062,523",212.00,215.50,211.00,214.00, 0.00,"38,403"
2317,113/11/06,"67,838,254","14,573,660,427",215.00,217.00,212.50,213.50,-0.50,"45,706"
2317,113/11/07,"77,417,403","16,779,105,487",212.00,219.00,212.00,217.00,+3.50,"53,480"
2317,113/11/08,"54,800,994","11,986,609,909",219.50,220.00,217.50,218.00,+1.00,"51,977"
2317,113/11/11,"42,180,625","9,234,072,034",219.50,220.00,217.50,220.00,+2.00,"31,177"
2317,113/11/12,"69,315,077","14,949,730,622",217.50,218.50,214.00,214.00,-6.00,"57,578"
2317,113/11/13,"55,926,693","11,973,365,753",212.50,216.50,212.50,214.50,+0.50,"36,731"
2317,113/11/14,"72,322,171","15,335,395,727",215.00,215.50,209.00,211.50,-3.00,"55,336"
2317,113/11/15,"102,463,857","21,409,852,373",212.00,214.50,206.00,207.00,-4.50,"90,848"
2317,113/11/18,"61,852,042","12,613,633,700",205.00,208.00,202.00,202.50,-4.50,"63,316"
2317,113/11/19,"60,416,837","12,275,277,231",203.50,205.00,201.00,203.50,+1.00,"45,425"
2317,113/11/20,"44,351,353","9,149,397,305",206.50,208.50,205.00,206.00,+2.50,"30,182"
2317,113/11/21,"50,295,948","10,213,455,556",205.00,205.00,202.00,202.50,-3.50,"40,002"
2317,113/11/22,"37,504,512","7,668,676,032",205.50,207.00,203.00,203.00,+0.50,"27,903"
2317,113/11/25,"80,800,240","16,909,706,981",206.00,210.50,205.50,210.50,+7.50,"32,913"
2317,113/11/26,"95,313,693","19,363,557,785",207.00,207.00,202.00,202.50,-8.00,"99,867"
2317,113/11/27,"96,019,881","19,063,838,432",200.50,201.00,196.50,196.50,-6.00,"110,119"
2317,113/11/28,"58,511,555","11,432,751,066",196.00,199.00,193.00,195.50,-1.00,"58,622"
2317,113/11/29,"50,800,936","9,954,052,225",193.50,199.00,192.50,195.50, 0.00,"37,878"
2317,113/10/01,"36,339,680","6,812,209,357",189.00,190.00,185.50,187.00,-0.50,"33,125"
2317,113/10/04,"118,705,879","22,937,372,648",188.00,196.50,188.00,194.00,+7.00,"71,996"
2317,113/10/07,"84,399,003","16,617,477,858",199.00,199.00,195.00,197.50,+3.50,"83,028"
2317,113/10/08,"56,919,495","11,111,098,449",197.00,197.50,194.00,194.00,-3.50,"41,542"
2317,113/10/09,"84,123,315","16,699,561,256",198.00,200.00,197.00,199.00,+5.00,"52,273"
2317,113/10/11,"71,856,959","14,407,126,388",200.00,202.00,199.00,200.00,+1.00,"61,591"
2317,113/10/14,"36,897,701","7,314,343,806",200.00,200.00,196.50,199.00,-1.00,"30,561"
2317,113/10/15,"129,198,222","26,474,993,881",201.00,207.50,200.50,207.00,+8.00,"82,815"
2317,113/10/16,"99,708,717","20,478,795,445",204.00,207.50,203.50,205.00,-2.00,"61,667"
2317,113/10/17,"66,198,561","13,716,403,160",207.50,209.00,204.00,208.50,+3.50,"42,868"
2317,113/10/18,"107,497,437","22,496,182,726",210.00,211.00,207.00,207.50,-1.00,"63,732"
2317,113/10/21,"59,461,934","12,553,871,788",210.00,213.50,209.00,210.00,+2.50,"42,327"
2317,113/10/22,"94,132,714","20,135,549,269",211.00,216.00,209.00,215.50,+5.50,"63,914"
2317,113/10/23,"51,836,095","11,146,585,671",214.50,217.00,213.00,216.00,+0.50,"52,331"
2317,113/10/24,"80,712,284","17,138,812,263",215.00,215.50,210.00,211.50,-4.50,"77,588"
2317,113/10/25,"49,896,574","10,691,350,004",212.50,216.00,212.00,216.00,+4.50,"35,110"
2317,113/10/28,"96,697,162","21,028,802,878",218.50,221.50,214.00,215.00,-1.00,"65,676"
2317,113/10/29,"87,991,240","18,457,446,806",213.00,213.00,207.00,209.50,-5.50,"91,406"
2317,113/10/30,"68,400,059","14,511,199,772",209.50,215.50,209.00,211.50,+2.00,"46,335"
2454,114/09/01,"3,937,354","5,364,125,515","1,370.00","1,380.00","1,350.00","1,360.00",-10.00,"12,737"
2454,114/09/02,"3,365,146","4,596,124,440","1,360.00","1,380.00","1,360.00","1,360.00", 0.00,"5,893"
2454,114/09/03,"4,795,588","6,658,413,350","1,380.00","1,400.00","1,370.00","1,395.00",+35.00,"8,519"
2454,114/09/04,"3,501,155","4,872,588,395","1,405.00","1,405.00","1,380.00","1,385.00",-10.00,"7,014"
2454,114/09/05,"9,434,638","13,369,682,190","1,400.00","1,435.00","1,395.00","1,435.00",+50.00,"22,501"
2454,114/09/08,"6,680,707","9,627,626,360","1,450.00","1,460.00","1,425.00","1,430.00",-5.00,"13,857"
2454,114/09/09,"11,956,440","17,720,448,190","1,445.00","1,515.00","1,435.00","1,510.00",+80.00,"31,125"
2454,114/09/10,"6,863,070","10,292,368,080","1,520.00","1,520.00","1,485.00","1,490.00",-20.00,"15,438"
2454,114/09/11,"4,767,141","7,122,159,225","1,505.00","1,510.00","1,480.00","1,480.00",-10.00,"13,167"
2454,114/09/12,"4,412,355","6,544,585,155","1,495.00","1,500.00","1,470.00","1,485.00",+5.00,"9,791"
2454,114/09/15,"2,858,166","4,253,700,825","1,490.00","1,495.00","1,480.00","1,485.00", 0.00,"7,072"
2454,114/09/16,"8,933,496","13,665,161,725","1,500.00","1,545.00","1,495.00","1,535.00",+50.00,"22,781"
2454,114/09/17,"4,850,205","7,393,113,405","1,545.00","1,545.00","1,510.00","1,510.00",-25.00,"10,521"
2454,114/09/18,"3,898,960","5,886,633,915","1,525.00","1,530.00","1,495.00","1,510.00", 0.00,"9,924"
2454,114/09/19,"14,627,316","21,255,949,407","1,500.00","1,505.00","1,440.00","1,440.00",-70.00,"56,273"
2454,114/09/22,"9,812,784","13,854,465,394","1,425.00","1,430.00","1,400.00","1,405.00",-35.00,"42,035"
2454,114/09/23,"12,576,021","17,416,626,380","1,390.00","1,405.00","1,375.00","1,375.00",-30.00,"64,002"
2454,114/09/24,"12,755,552","17,127,055,115","1,345.00","1,355.00","1,330.00","1,330.00",-45.00,"65,448"
2454,114/09/25,"8,286,782","11,176,517,185","1,330.00","1,365.00","1,330.00","1,345.00",+15.00,"24,755"
2454,114/09/26,"7,611,319","10,040,903,340","1,345.00","1,350.00","1,310.00","1,310.00",-35.00,"35,705"
2454,114/08/01,"6,495,615","8,832,521,555","1,350.00","1,375.00","1,350.00","1,350.00",-20.00,"17,426"
2454,114/08/04,"5,214,085","6,967,850,885","1,340.00","1,350.00","1,330.00","1,330.00",-20.00,"16,941"
2454,114/08/05,"3,858,955","5,194,331,600","1,350.00","1,355.00","1,340.00","1,340.00",+10.00,"8,809"
2454,114/08/06,"5,970,701","7,966,823,010","1,340.00","1,350.00","1,320.00","1,320.00",-20.00,"20,358"
2454,114/08/07,"5,689,384","7,718,335,583","1,345.00","1,365.00","1,345.00","1,355.00",+35.00,"10,668"
2454,114/08/08,"5,865,744","7,931,502,268","1,355.00","1,360.00","1,335.00","1,350.00",-5.00,"9,232"
2454,114/08/11,"3,971,509","5,381,089,706","1,350.00","1,370.00","1,340.00","1,355.00",+5.00,"8,794"
2454,114/08/12,"3,496,091","4,755,253,497","1,360.00","1,370.00","1,350.00","1,360.00",+5.00,"7,430"
2454,114/08/13,"8,333,913","11,435,601,780","1,370.00","1,385.00","1,360.00","1,370.00",+10.00,"12,180"
2454,114/08/14,"4,747,498","6,584,612,200","1,370.00","1,395.00","1,365.00","1,390.00",+20.00,"9,169"
2454,114/08/15,"4,475,553","6,187,722,500","1,395.00","1,400.00","1,370.00","1,370.00",-20.00,"10,621"
2454,114/08/18,"7,238,014","10,141,297,405","1,375.00","1,410.00","1,375.00","1,410.00",+40.00,"13,663"
2454,114/08/19,"6,589,846","9,274,440,925","1,415.00","1,430.00","1,390.00","1,390.00",-20.00,"12,564"
2454,114/08/20,"7,113,575","9,722,960,436","1,380.00","1,390.00","1,350.00","1,355.00",-35.00,"20,660"
2454,114/08/21,"4,554,398","6,196,837,397","1,350.00","1,375.00","1,345.00","1,365.00",+10.00,"7,137"
2454,114/08/22,"2,800,266","3,826,154,725","1,365.00","1,375.00","1,355.00","1,365.00", 0.00,"5,476"
2454,114/08/25,"5,280,140","7,403,266,550","1,385.00","1,410.00","1,380.00","1,410.00",+45.00,"12,470"
2454,114/08/26,"5,465,231","7,621,822,629","1,405.00","1,410.00","1,380.00","1,400.00",-10.00,"9,377"
2454,114/08/27,"3,506,996","4,913,433,895","1,405.00","1,410.00","1,395.00","1,400.00", 0.00,"6,973"
2454,114/08/28,"3,889,428","5,416,975,190","1,395.00","1,405.00","1,385.00","1,385.00",-15.00,"7,939"
2454,114/08/29,"4,055,886","5,596,928,792","1,390.00","1,405.00","1,370.00","1,370.00",-15.00,"10,535"
2454,114/07/01,"8,803,695","11,339,208,385","1,265.00","1,305.00","1,265.00","1,275.00",+25.00,"14,818"
2454,114/07/02,"7,261,051","9,385,839,060","1,295.00","1,300.00","1,275.00","1,295.00",+20.00,"10,333"
2454,114/07/03,"11,872,297","15,207,103,239","1,300.00","1,300.00","1,270.00","1,270.00",X0.00,"14,481"
2454,114/07/04,"7,363,385","9,540,997,340","1,290.00","1,305.00","1,285.00","1,290.00",+20.00,"12,605"
2454,114/07/07,"4,549,857","5,848,904,360","1,300.00","1,300.00","1,280.00","1,280.00",-10.00,"8,070"
2454,114/07/08,"3,658,204","4,652,919,095","1,280.00","1,280.00","1,265.00","1,270.00",-10.00,"8,411"
2454,114/07/09,"14,460,572","19,300,327,670","1,280.00","1,360.00","1,280.00","1,355.00",+85.00,"35,957"
2454,114/07/10,"12,339,983","17,085,260,139","1,375.00","1,400.00","1,360.00","1,400.00",+45.00,"27,552"
2454,114/07/11,"10,428,598","14,673,505,330","1,405.00","1,420.00","1,390.00","1,420.00",+20.00,"20,428"
2454,114/07/14,"6,067,428","8,449,999,917","1,410.00","1,410.00","1,385.00","1,385.00",-35.00,"13,304"
2454,114/07/15,"4,659,162","6,487,157,908","1,385.00","1,405.00","1,380.00","1,395.00",+10.00,"9,562"
2454,114/07/16,"6,099,561","8,586,546,210","1,395.00","1,415.00","1,395.00","1,410.00",+15.00,"10,661"
2454,114/07/17,"5,516,070","7,701,353,575","1,405.00","1,420.00","1,385.00","1,390.00",-20.00,"11,502"
2454,114/07/18,"5,064,123","7,115,366,362","1,405.00","1,410.00","1,400.00","1,410.00",+20.00,"9,172"
2454,114/07/21,"6,030,920","8,606,380,470","1,415.00","1,445.00","1,410.00","1,425.00",+15.00,"13,361"
2454,114/07/22,"8,242,534","11,871,821,880","1,440.00","1,455.00","1,425.00","1,430.00",+5.00,"17,494"
2454,114/07/23,"5,013,381","7,215,294,292","1,455.00","1,455.00","1,425.00","1,430.00", 0.00,"9,088"
2454,114/07/24,"5,122,916","7,324,152,830","1,445.00","1,450.00","1,420.00","1,430.00", 0.00,"8,261"
2454,114/07/25,"5,942,860","8,484,208,399","1,430.00","1,445.00","1,415.00","1,430.00", 0.00,"8,369"
2454,114/07/28,"7,334,211","10,248,910,780","1,435.00","1,440.00","1,385.00","1,400.00",-30.00,"24,540"
2454,114/07/29,"10,316,682","14,114,593,145","1,390.00","1,395.00","1,350.00","1,360.00",-40.00,"38,244"
2454,114/07/30,"5,754,600","7,888,746,665","1,365.00","1,385.00","1,360.00","1,380.00",+20.00,"9,791"
2454,114/07/31,"9,291,286","12,663,968,210","1,360.00","1,385.00","1,340.00","1,370.00",-10.00,"18,373"
2454,114/06/02,"11,219,790","14,031,392,770","1,250.00","1,270.00","1,230.00","1,260.00", 0.00,"31,804"
2454,114/06/03,"5,807,284","7,420,084,345","1,270.00","1,290.00","1,265.00","1,275.00",+15.00,"9,345"
2454,114/06/04,"10,763,483","13,687,995,446","1,280.00","1,290.00","1,260.00","1,275.00", 0.00,"18,189"
2454,114/06/05,"16,144,910","20,131,853,280","1,260.00","1,265.00","1,235.00","1,245.00",-30.00,"40,568"
2454,114/06/06,"10,993,646","13,938,119,745","1,250.00","1,280.00","1,245.00","1,280.00",+35.00,"14,901"
2454,114/06/09,"8,132,095","10,447,196,795","1,290.00","1,300.00","1,275.00","1,285.00",+5.00,"11,268"
2454,114/06/10,"11,936,093","15,779,324,090","1,300.00","1,335.00","1,300.00","1,335.00",+50.00,"22,546"
2454,114/06/11,"12,029,172","15,853,485,250","1,340.00","1,345.00","1,305.00","1,315.00",-20.00,"18,471"
2454,114/06/12,"11,678,446","15,047,244,306","1,300.00","1,305.00","1,280.00","1,285.00",-30.00,"21,736"
2454,114/06/13,"9,534,606","11,970,931,370","1,255.00","1,265.00","1,250.00","1,250.00",-35.00,"30,652"
2454,114/06/16,"4,284,348","5,390,193,035","1,260.00","1,270.00","1,250.00","1,255.00",+5.00,"9,567"
2454,114/06/17,"5,831,116","7,402,810,590","1,260.00","1,280.00","1,260.00","1,275.00",+20.00,"9,090"
2454,114/06/18,"5,972,295","7,641,957,995","1,265.00","1,290.00","1,260.00","1,285.00",+10.00,"8,699"
2454,114/06/19,"4,944,842","6,299,243,825","1,280.00","1,285.00","1,265.00","1,265.00",-20.00,"8,887"
2454,114/06/20,"5,606,034","7,025,571,340","1,265.00","1,275.00","1,245.00","1,250.00",-15.00,"11,914"
2454,114/06/23,"4,528,761","5,656,629,495","1,230.00","1,260.00","1,225.00","1,255.00",+5.00,"9,235"
2454,114/06/24,"4,576,079","5,812,811,295","1,275.00","1,285.00","1,260.00","1,270.00",+15.00,"7,391"
2454,114/06/25,"6,418,795","8,295,907,405","1,280.00","1,300.00","1,280.00","1,295.00",+25.00,"12,246"
2454,114/06/26,"5,312,078","6,868,062,225","1,295.00","1,300.00","1,285.00","1,290.00",-5.00,"8,462"
2454,114/06/27,"5,979,958","7,704,618,190","1,285.00","1,300.00","1,280.00","1,285.00",-5.00,"8,692"
2454,114/06/30,"7,970,814","10,093,427,225","1,290.00","1,300.00","1,250.00","1,250.00",-35.00,"14,769"
2454,114/05/02,"17,916,167","23,509,378,545","1,370.00","1,370.00","1,290.00","1,300.00",-50.00,"64,942"
2454,114/05/05,"7,473,805","9,747,478,020","1,310.00","1,335.00","1,290.00","1,295.00",-5.00,"16,819"
2454,114/05/06,"7,890,120","10,117,638,665","1,295.00","1,300.00","1,275.00","1,280.00",-15.00,"25,321"
2454,114/05/07,"6,119,782","7,833,289,070","1,285.00","1,300.00","1,265.00","1,275.00",-5.00,"14,950"
2454,114/05/08,"6,304,556","8,138,686,536","1,285.00","1,305.00","1,275.00","1,290.00",+15.00,"11,702"
2454,114/05/09,"6,740,443","8,816,540,890","1,295.00","1,325.00","1,280.00","1,325.00",+35.00,"11,794"
2454,114/05/12,"5,353,789","7,050,780,685","1,320.00","1,325.00","1,305.00","1,315.00",-10.00,"12,850"
2454,114/05/13,"10,308,570","13,956,016,690","1,350.00","1,365.00","1,345.00","1,355.00",+40.00,"17,085"
2454,114/05/14,"6,786,896","9,238,538,490","1,370.00","1,375.00","1,345.00","1,360.00",+5.00,"12,709"
2454,114/05/15,"5,860,573","8,027,559,070","1,365.00","1,380.00","1,350.00","1,370.00",+10.00,"11,993"
2454,114/05/16,"3,651,046","4,984,158,740","1,365.00","1,375.00","1,360.00","1,365.00",-5.00,"7,619"
2454,114/05/19,"7,591,783","10,048,326,155","1,345.00","1,350.00","1,310.00","1,310.00",-55.00,"25,404"
2454,114/05/20,"5,952,630","7,911,812,063","1,330.00","1,350.00","1,315.00","1,315.00",+5.00,"9,616"
2454,114/05/21,"4,523,644","6,053,389,365","1,325.00","1,345.00","1,320.00","1,340.00",+25.00,"8,676"
2454,114/05/22,"3,388,750","4,503,198,930","1,325.00","1,340.00","1,320.00","1,325.00",-15.00,"6,631"
2454,114/05/23,"4,462,357","5,879,825,325","1,335.00","1,340.00","1,310.00","1,315.00",-10.00,"11,447"
2454,114/05/26,"7,955,667","10,251,122,085","1,305.00","1,305.00","1,275.00","1,280.00",-35.00,"29,930"
2454,114/05/27,"6,608,314","8,471,750,200","1,280.00","1,290.00","1,270.00","1,280.00", 0.00,"11,687"
2454,114/05/28,"8,817,184","11,272,137,395","1,300.00","1,305.00","1,270.00","1,280.00", 0.00,"17,752"
2454,114/05/29,"20,205,556","25,707,789,050","1,285.00","1,305.00","1,260.00","1,260.00",-20.00,"16,151"
2454,114/04/01,"6,663,880","9,603,895,550","1,410.00","1,460.00","1,410.00","1,460.00",+70.00,"12,331"
2454,114/04/02,"4,680,070","6,764,240,810","1,460.00","1,460.00","1,435.00","1,435.00",-25.00,"8,403"
2454,114/04/07,"2,148,387","2,782,161,165","1,295.00","1,295.00","1,295.00","1,295.00",-140.00,"14,866"
2454,114/04/08,"19,252,718","24,229,978,295","1,255.00","1,300.00","1,225.00","1,260.00",-35.00,"40,100"
2454,114/04/09,"20,017,897","24,055,879,685","1,250.00","1,255.00","1,140.00","1,185.00",-75.00,"51,334"
2454,114/04/10,"2,039,439","2,651,270,700","1,300.00","1,300.00","1,300.00","1,300.00",+115.00,"4,416"
2454,114/04/11,"17,343,947","23,239,311,570","1,280.00","1,395.00","1,250.00","1,385.00",+85.00,"30,417"
2454,114/04/14,"12,977,957","18,237,704,555","1,410.00","1,425.00","1,385.00","1,400.00",+15.00,"20,591"
2454,114/04/15,"6,829,960","9,519,040,535","1,405.00","1,415.00","1,375.00","1,385.00",-15.00,"14,509"
2454,114/04/16,"5,794,610","7,967,862,075","1,370.00","1,385.00","1,365.00","1,365.00",-20.00,"12,242"
2454,114/04/17,"6,954,102","9,290,936,420","1,340.00","1,350.00","1,315.00","1,340.00",-25.00,"15,307"
2454,114/04/18,"3,602,072","4,917,730,681","1,350.00","1,380.00","1,345.00","1,365.00",+25.00,"7,330"
2454,114/04/21,"3,123,347","4,194,210,360","1,355.00","1,355.00","1,325.00","1,345.00",-20.00,"8,010"
2454,114/04/22,"5,199,584","6,872,585,530","1,330.00","1,355.00","1,300.00","1,300.00",-45.00,"19,179"
2454,114/04/23,"6,303,810","8,563,742,601","1,340.00","1,375.00","1,340.00","1,370.00",+70.00,"10,866"
2454,114/04/24,"6,331,633","8,522,102,810","1,375.00","1,375.00","1,325.00","1,330.00",-40.00,"13,936"
2454,114/04/25,"7,381,768","10,192,478,505","1,375.00","1,390.00","1,370.00","1,380.00",+50.00,"13,014"
2454,114/04/28,"5,546,486","7,564,477,485","1,385.00","1,390.00","1,350.00","1,350.00",-30.00,"13,530"
2454,114/04/29,"5,933,337","8,045,158,791","1,350.00","1,370.00","1,335.00","1,370.00",+20.00,"10,386"
2454,114/04/30,"5,687,722","7,714,260,515","1,370.00","1,370.00","1,350.00","1,350.00",-20.00,"9,806"
2454,114/03/03,"11,544,405","17,065,859,785","1,490.00","1,495.00","1,465.00","1,470.00",-45.00,"30,460"
2454,114/03/04,"8,330,012","12,336,290,155","1,435.00","1,510.00","1,435.00","1,505.00",+35.00,"15,675"
2454,114/03/05,"6,674,087","10,051,018,845","1,505.00","1,530.00","1,490.00","1,505.00", 0.00,"10,556"
2454,114/03/06,"3,240,661","4,847,368,380","1,505.00","1,510.00","1,485.00","1,495.00",-10.00,"8,829"
2454,114/03/07,"5,873,135","8,612,824,705","1,475.00","1,485.00","1,450.00","1,465.00",-30.00,"22,901"
2454,114/03/10,"10,835,218","15,344,073,454","1,450.00","1,460.00","1,395.00","1,395.00",-70.00,"45,490"
2454,114/03/11,"10,487,926","14,267,901,375","1,320.00","1,390.00","1,320.00","1,385.00",-10.00,"25,009"
2454,114/03/12,"8,365,942","11,777,174,615","1,375.00","1,425.00","1,375.00","1,410.00",+25.00,"12,826"
2454,114/03/13,"7,308,998","10,304,679,577","1,430.00","1,440.00","1,390.00","1,390.00",-20.00,"12,805"
2454,114/03/14,"7,265,400","10,227,486,165","1,400.00","1,430.00","1,390.00","1,400.00",+10.00,"8,879"
2454,114/03/17,"5,027,826","7,174,512,270","1,415.00","1,440.00","1,415.00","1,425.00",+25.00,"8,244"
2454,114/03/18,"10,558,598","15,597,290,320","1,450.00","1,500.00","1,445.00","1,475.00",+50.00,"16,566"
2454,114/03/19,"8,043,123","11,933,903,510","1,500.00","1,515.00","1,460.00","1,465.00",-10.00,"12,703"
2454,114/03/20,"6,559,527","9,745,443,875","1,495.00","1,500.00","1,465.00","1,485.00",+20.00,"9,855"
2454,114/03/21,"4,914,917","7,303,573,220","1,495.00","1,500.00","1,475.00","1,480.00",-5.00,"7,474"
2454,114/03/24,"4,129,520","6,168,251,990","1,500.00","1,505.00","1,480.00","1,480.00", 0.00,"7,655"
2454,114/03/25,"8,622,310","13,173,707,790","1,505.00","1,540.00","1,505.00","1,525.00",+45.00,"20,948"
2454,114/03/26,"4,039,361","6,153,186,695","1,535.00","1,540.00","1,515.00","1,515.00",-10.00,"6,644"
2454,114/03/27,"4,922,392","7,343,806,075","1,500.00","1,510.00","1,480.00","1,485.00",-30.00,"10,365"
2454,114/03/28,"4,752,661","6,988,697,440","1,470.00","1,495.00","1,455.00","1,465.00",-20.00,"13,110"
2454,114/03/31,"8,456,107","11,888,354,050","1,420.00","1,440.00","1,390.00","1,390.00",-75.00,"27,974"
2454,114/02/03,"19,472,385","28,977,442,706","1,420.00","1,525.00","1,415.00","1,500.00",+35.00,"28,334"
2454,114/02/04,"8,418,410","12,648,914,715","1,510.00","1,530.00","1,480.00","1,490.00",-10.00,"18,290"
2454,114/02/05,"9,272,623","14,081,050,805","1,505.00","1,530.00","1,490.00","1,525.00",+35.00,"13,028"
2454,114/02/06,"9,633,472","14,822,104,932","1,530.00","1,570.00","1,520.00","1,525.00", 0.00,"17,483"
2454,114/02/07,"7,062,069","10,728,691,173","1,525.00","1,530.00","1,505.00","1,525.00", 0.00,"11,358"
2454,114/02/10,"9,291,243","13,801,284,039","1,505.00","1,510.00","1,475.00","1,480.00",-45.00,"19,899"
2454,114/02/11,"8,734,703","13,207,679,005","1,490.00","1,530.00","1,490.00","1,510.00",+30.00,"11,192"
2454,114/02/12,"8,078,186","12,184,246,270","1,530.00","1,540.00","1,480.00","1,485.00",-25.00,"21,212"
2454,114/02/13,"4,801,436","7,239,919,170","1,495.00","1,520.00","1,485.00","1,520.00",+35.00,"7,853"
2454,114/02/14,"4,867,021","7,398,870,815","1,515.00","1,535.00","1,505.00","1,505.00",-15.00,"8,554"
2454,114/02/17,"8,095,856","12,386,691,075","1,515.00","1,545.00","1,510.00","1,545.00",+40.00,"11,050"
2454,114/02/18,"5,461,888","8,359,528,915","1,550.00","1,550.00","1,520.00","1,535.00",-10.00,"8,901"
2454,114/02/19,"4,710,329","7,242,322,405","1,535.00","1,545.00","1,525.00","1,540.00",+5.00,"7,304"
2454,114/02/20,"7,150,167","10,837,847,830","1,545.00","1,545.00","1,500.00","1,500.00",-40.00,"19,681"
2454,114/02/21,"5,756,665","8,675,140,570","1,500.00","1,525.00","1,490.00","1,510.00",+10.00,"8,561"
2454,114/02/24,"6,497,488","9,923,578,445","1,500.00","1,545.00","1,495.00","1,545.00",+35.00,"9,834"
2454,114/02/25,"8,502,805","13,096,692,819","1,525.00","1,560.00","1,510.00","1,550.00",+5.00,"13,187"
2454,114/02/26,"8,063,842","12,531,654,210","1,555.00","1,575.00","1,525.00","1,560.00",+10.00,"12,099"
2454,114/02/27,"12,022,234","18,461,918,925","1,555.00","1,575.00","1,515.00","1,515.00",-45.00,"19,253"
2454,114/01/02,"7,374,055","10,011,026,495","1,395.00","1,400.00","1,335.00","1,350.00",X0.00,"26,063"
2454,114/01/03,"6,413,343","8,684,840,857","1,365.00","1,370.00","1,335.00","1,365.00",+15.00,"10,151"
2454,114/01/06,"7,760,498","10,980,061,110","1,390.00","1,425.00","1,390.00","1,425.00",+60.00,"14,520"
2454,114/01/07,"13,043,149","19,029,056,158","1,445.00","1,500.00","1,415.00","1,490.00",+65.00,"27,139"
2454,114/01/08,"11,341,648","16,799,397,207","1,500.00","1,500.00","1,460.00","1,470.00",-20.00,"19,669"
2454,114/01/09,"7,283,127","10,619,853,655","1,470.00","1,480.00","1,440.00","1,440.00",-30.00,"14,596"
2454,114/01/10,"7,456,378","10,977,244,936","1,460.00","1,495.00","1,445.00","1,465.00",+25.00,"12,703"
2454,114/01/13,"10,467,556","14,785,600,300","1,435.00","1,460.00","1,385.00","1,390.00",-75.00,"30,506"
2454,114/01/14,"5,672,581","7,934,393,535","1,385.00","1,415.00","1,380.00","1,400.00",+10.00,"10,105"
2454,114/01/15,"6,608,704","9,392,555,305","1,390.00","1,445.00","1,390.00","1,420.00",+20.00,"9,999"
2454,114/01/16,"7,526,306","10,959,335,965","1,450.00","1,470.00","1,430.00","1,460.00",+40.00,"12,053"
2454,114/01/17,"5,593,733","8,016,913,060","1,450.00","1,455.00","1,420.00","1,430.00",-30.00,"8,875"
2454,114/01/20,"4,054,089","5,848,835,115","1,425.00","1,455.00","1,425.00","1,445.00",+15.00,"6,526"
2454,114/01/21,"4,729,517","6,929,917,275","1,440.00","1,475.00","1,435.00","1,465.00",+20.00,"9,236"
2454,114/01/22,"6,939,769","10,271,774,681","1,480.00","1,495.00","1,465.00","1,465.00", 0.00,"11,316"
2454,113/12/02,"4,705,833","6,127,313,545","1,275.00","1,315.00","1,270.00","1,310.00",+55.00,"10,639"
2454,113/12/03,"6,211,010","8,141,226,882","1,325.00","1,330.00","1,295.00","1,315.00",+5.00,"7,911"
2454,113/12/04,"4,844,752","6,364,952,020","1,315.00","1,325.00","1,305.00","1,320.00",+5.00,"6,345"
2454,113/12/05,"5,559,581","7,367,160,465","1,325.00","1,335.00","1,310.00","1,325.00",+5.00,"10,447"
2454,113/12/06,"4,364,288","5,747,214,795","1,325.00","1,340.00","1,300.00","1,305.00",-20.00,"11,555"
2454,113/12/09,"4,592,126","6,045,281,525","1,320.00","1,325.00","1,300.00","1,325.00",+20.00,"5,865"
2454,113/12/10,"8,230,114","11,015,978,916","1,315.00","1,360.00","1,310.00","1,350.00",+25.00,"12,323"
2454,113/12/11,"7,633,823","10,191,659,690","1,320.00","1,355.00","1,305.00","1,350.00", 0.00,"9,374"
2454,113/12/12,"8,447,774","11,722,376,470","1,370.00","1,400.00","1,370.00","1,380.00",+30.00,"20,476"
2454,113/12/13,"6,733,740","9,392,980,005","1,385.00","1,410.00","1,365.00","1,410.00",+30.00,"14,746"
2454,113/12/16,"7,521,031","10,583,170,115","1,435.00","1,440.00","1,385.00","1,385.00",-25.00,"18,946"
2454,113/12/17,"9,362,088","13,364,542,220","1,390.00","1,445.00","1,390.00","1,425.00",+40.00,"18,088"
2454,113/12/18,"6,198,374","8,798,918,600","1,430.00","1,430.00","1,405.00","1,420.00",-5.00,"9,091"
2454,113/12/19,"6,719,997","9,496,773,480","1,400.00","1,430.00","1,395.00","1,420.00", 0.00,"10,465"
2454,113/12/20,"5,731,484","8,030,795,624","1,420.00","1,425.00","1,390.00","1,390.00",-30.00,"8,536"
2454,113/12/23,"4,417,200","6,243,376,090","1,405.00","1,425.00","1,400.00","1,410.00",+20.00,"6,948"
2454,113/12/24,"3,278,608","4,639,180,175","1,430.00","1,430.00","1,405.00","1,405.00",-5.00,"5,156"
2454,113/12/25,"2,449,652","3,471,607,295","1,420.00","1,430.00","1,410.00","1,410.00",+5.00,"4,418"
2454,113/12/26,"2,448,448","3,484,465,905","1,420.00","1,430.00","1,415.00","1,420.00",+10.00,"4,902"
2454,113/12/27,"2,406,377","3,443,523,815","1,420.00","1,440.00","1,420.00","1,430.00",+10.00,"5,985"
2454,113/12/30,"2,890,276","4,117,831,075","1,430.00","1,435.00","1,420.00","1,420.00",-10.00,"5,362"
2454,113/12/31,"3,371,199","4,756,664,780","1,410.00","1,425.00","1,400.00","1,415.00",-5.00,"7,737"
2454,113/11/01,"9,461,786","11,967,886,995","1,220.00","1,300.00","1,220.00","1,290.00", 0.00,"10,479"
2454,113/11/04,"3,513,519","4,539,376,735","1,285.00","1,305.00","1,280.00","1,295.00",+5.00,"5,920"
2454,113/11/05,"3,688,814","4,751,449,530","1,285.00","1,300.00","1,280.00","1,290.00",-5.00,"6,252"
2454,113/11/06,"3,881,189","5,070,565,620","1,290.00","1,320.00","1,290.00","1,305.00",+15.00,"6,136"
2454,113/11/07,"4,517,086","5,932,832,649","1,330.00","1,330.00","1,300.00","1,305.00", 0.00,"6,241"
2454,113/11/08,"4,299,470","5,567,448,850","1,310.00","1,320.00","1,280.00","1,280.00",-25.00,"14,432"
2454,113/11/11,"2,878,555","3,717,921,510","1,300.00","1,310.00","1,280.00","1,295.00",+15.00,"5,204"
2454,113/11/12,"4,326,905","5,530,202,775","1,280.00","1,295.00","1,265.00","1,265.00",-30.00,"10,206"
2454,113/11/13,"4,182,334","5,275,535,820","1,265.00","1,275.00","1,255.00","1,255.00",-10.00,"8,709"
2454,113/11/14,"4,605,044","5,717,344,476","1,260.00","1,265.00","1,230.00","1,235.00",-20.00,"11,474"
2454,113/11/15,"4,349,007","5,454,514,520","1,240.00","1,275.00","1,230.00","1,270.00",+35.00,"7,255"
2454,113/11/18,"3,985,278","4,960,974,080","1,260.00","1,265.00","1,230.00","1,240.00",-30.00,"7,815"
2454,113/11/19,"4,531,599","5,776,061,685","1,255.00","1,290.00","1,245.00","1,285.00",+45.00,"7,013"
2454,113/11/20,"4,926,471","6,292,653,555","1,285.00","1,300.00","1,260.00","1,275.00",-10.00,"7,151"
2454,113/11/21,"2,634,995","3,323,655,575","1,265.00","1,270.00","1,255.00","1,265.00",-10.00,"4,531"
2454,113/11/22,"6,437,379","8,349,403,790","1,280.00","1,310.00","1,270.00","1,310.00",+45.00,"10,922"
2454,113/11/25,"7,734,600","10,046,168,660","1,325.00","1,330.00","1,280.00","1,280.00",-30.00,"8,760"
2454,113/11/26,"3,272,636","4,185,567,280","1,280.00","1,290.00","1,270.00","1,280.00", 0.00,"5,069"
2454,113/11/27,"3,069,870","3,882,721,705","1,270.00","1,285.00","1,250.00","1,250.00",-30.00,"7,171"
2454,113/11/28,"4,374,911","5,459,813,114","1,260.00","1,265.00","1,240.00","1,255.00",+5.00,"6,775"
2454,113/11/29,"4,324,490","5,418,649,990","1,235.00","1,270.00","1,225.00","1,255.00", 0.00,"5,275"
2454,113/10/01,"6,670,719","8,060,023,400","1,195.00","1,230.00","1,190.00","1,210.00",+35.00,"8,267"
2454,113/10/04,"7,601,314","9,294,983,046","1,200.00","1,240.00","1,200.00","1,230.00",+20.00,"8,311"
2454,113/10/07,"9,261,022","11,611,379,170","1,250.00","1,295.00","1,230.00","1,250.00",+20.00,"14,015"
2454,113/10/08,"4,746,298","5,848,883,970","1,240.00","1,250.00","1,225.00","1,225.00",-25.00,"7,199"
2454,113/10/09,"5,671,636","7,099,612,015","1,260.00","1,275.00","1,240.00","1,245.00",+20.00,"7,683"
2454,113/10/11,"10,811,730","13,968,305,075","1,265.00","1,310.00","1,265.00","1,300.00",+55.00,"22,160"
2454,113/10/14,"4,125,156","5,348,414,625","1,310.00","1,310.00","1,285.00","1,290.00",-10.00,"7,589"
2454,113/10/15,"6,492,009","8,443,064,872","1,310.00","1,310.00","1,290.00","1,300.00",+10.00,"9,409"
2454,113/10/16,"7,425,191","9,479,271,445","1,260.00","1,295.00","1,260.00","1,275.00",-25.00,"9,120"
2454,113/10/17,"4,514,915","5,769,191,656","1,295.00","1,295.00","1,265.00","1,275.00", 0.00,"6,882"
2454,113/10/18,"8,916,104","11,696,603,095","1,300.00","1,330.00","1,295.00","1,305.00",+30.00,"16,167"
2454,113/10/21,"6,706,607","8,911,068,199","1,310.00","1,345.00","1,310.00","1,330.00",+25.00,"11,042"
2454,113/10/22,"5,500,454","7,177,881,915","1,310.00","1,315.00","1,295.00","1,310.00",-20.00,"10,422"
2454,113/10/23,"5,639,751","7,338,656,535","1,280.00","1,325.00","1,275.00","1,300.00",-10.00,"9,043"
2454,113/10/24,"4,698,981","6,041,857,535","1,300.00","1,305.00","1,270.00","1,270.00",-30.00,"9,742"
2454,113/10/25,"7,326,983","9,577,728,957","1,270.00","1,325.00","1,270.00","1,315.00",+45.00,"10,790"
2454,113/10/28,"5,720,182","7,605,546,735","1,330.00","1,340.00","1,315.00","1,335.00",+20.00,"9,320"
2454,113/10/29,"5,519,603","7,163,705,970","1,315.00","1,315.00","1,285.00","1,300.00",-35.00,"10,164"
2454,113/10/30,"5,528,055","7,169,814,530","1,290.00","1,315.00","1,285.00","1,290.00",-10.00,"7,456"
